n_points,n_trucks,diff_mode,distance,Time,demand_0,demand_1,demand_2,demand_3,demand_4,demand_5,demand_6,demand_7,demand_8,demand_9,demand_10,demand_11,solution_0_0_1,solution_0_0_2,solution_0_0_3,solution_0_0_4,solution_0_0_5,solution_0_0_6,solution_0_0_7,solution_0_0_8,solution_0_0_9,solution_0_0_10,solution_0_0_11,solution_0_1_0,solution_0_1_2,solution_0_1_3,solution_0_1_4,solution_0_1_5,solution_0_1_6,solution_0_1_7,solution_0_1_8,solution_0_1_9,solution_0_1_10,solution_0_1_11,solution_0_2_0,solution_0_2_1,solution_0_2_3,solution_0_2_4,solution_0_2_5,solution_0_2_6,solution_0_2_7,solution_0_2_8,solution_0_2_9,solution_0_2_10,solution_0_2_11,solution_0_3_0,solution_0_3_1,solution_0_3_2,solution_0_3_4,solution_0_3_5,solution_0_3_6,solution_0_3_7,solution_0_3_8,solution_0_3_9,solution_0_3_10,solution_0_3_11,solution_0_4_0,solution_0_4_1,solution_0_4_2,solution_0_4_3,solution_0_4_5,solution_0_4_6,solution_0_4_7,solution_0_4_8,solution_0_4_9,solution_0_4_10,solution_0_4_11,solution_0_5_0,solution_0_5_1,solution_0_5_2,solution_0_5_3,solution_0_5_4,solution_0_5_6,solution_0_5_7,solution_0_5_8,solution_0_5_9,solution_0_5_10,solution_0_5_11,solution_0_6_0,solution_0_6_1,solution_0_6_2,solution_0_6_3,solution_0_6_4,solution_0_6_5,solution_0_6_7,solution_0_6_8,solution_0_6_9,solution_0_6_10,solution_0_6_11,solution_0_7_0,solution_0_7_1,solution_0_7_2,solution_0_7_3,solution_0_7_4,solution_0_7_5,solution_0_7_6,solution_0_7_8,solution_0_7_9,solution_0_7_10,solution_0_7_11,solution_0_8_0,solution_0_8_1,solution_0_8_2,solution_0_8_3,solution_0_8_4,solution_0_8_5,solution_0_8_6,solution_0_8_7,solution_0_8_9,solution_0_8_10,solution_0_8_11,solution_0_9_0,solution_0_9_1,solution_0_9_2,solution_0_9_3,solution_0_9_4,solution_0_9_5,solution_0_9_6,solution_0_9_7,solution_0_9_8,solution_0_9_10,solution_0_9_11,solution_0_10_0,solution_0_10_1,solution_0_10_2,solution_0_10_3,solution_0_10_4,solution_0_10_5,solution_0_10_6,solution_0_10_7,solution_0_10_8,solution_0_10_9,solution_0_10_11,solution_0_11_0,solution_0_11_1,solution_0_11_2,solution_0_11_3,solution_0_11_4,solution_0_11_5,solution_0_11_6,solution_0_11_7,solution_0_11_8,solution_0_11_9,solution_0_11_10,solution_1_0_1,solution_1_0_2,solution_1_0_3,solution_1_0_4,solution_1_0_5,solution_1_0_6,solution_1_0_7,solution_1_0_8,solution_1_0_9,solution_1_0_10,solution_1_0_11,solution_1_1_0,solution_1_1_2,solution_1_1_3,solution_1_1_4,solution_1_1_5,solution_1_1_6,solution_1_1_7,solution_1_1_8,solution_1_1_9,solution_1_1_10,solution_1_1_11,solution_1_2_0,solution_1_2_1,solution_1_2_3,solution_1_2_4,solution_1_2_5,solution_1_2_6,solution_1_2_7,solution_1_2_8,solution_1_2_9,solution_1_2_10,solution_1_2_11,solution_1_3_0,solution_1_3_1,solution_1_3_2,solution_1_3_4,solution_1_3_5,solution_1_3_6,solution_1_3_7,solution_1_3_8,solution_1_3_9,solution_1_3_10,solution_1_3_11,solution_1_4_0,solution_1_4_1,solution_1_4_2,solution_1_4_3,solution_1_4_5,solution_1_4_6,solution_1_4_7,solution_1_4_8,solution_1_4_9,solution_1_4_10,solution_1_4_11,solution_1_5_0,solution_1_5_1,solution_1_5_2,solution_1_5_3,solution_1_5_4,solution_1_5_6,solution_1_5_7,solution_1_5_8,solution_1_5_9,solution_1_5_10,solution_1_5_11,solution_1_6_0,solution_1_6_1,solution_1_6_2,solution_1_6_3,solution_1_6_4,solution_1_6_5,solution_1_6_7,solution_1_6_8,solution_1_6_9,solution_1_6_10,solution_1_6_11,solution_1_7_0,solution_1_7_1,solution_1_7_2,solution_1_7_3,solution_1_7_4,solution_1_7_5,solution_1_7_6,solution_1_7_8,solution_1_7_9,solution_1_7_10,solution_1_7_11,solution_1_8_0,solution_1_8_1,solution_1_8_2,solution_1_8_3,solution_1_8_4,solution_1_8_5,solution_1_8_6,solution_1_8_7,solution_1_8_9,solution_1_8_10,solution_1_8_11,solution_1_9_0,solution_1_9_1,solution_1_9_2,solution_1_9_3,solution_1_9_4,solution_1_9_5,solution_1_9_6,solution_1_9_7,solution_1_9_8,solution_1_9_10,solution_1_9_11,solution_1_10_0,solution_1_10_1,solution_1_10_2,solution_1_10_3,solution_1_10_4,solution_1_10_5,solution_1_10_6,solution_1_10_7,solution_1_10_8,solution_1_10_9,solution_1_10_11,solution_1_11_0,solution_1_11_1,solution_1_11_2,solution_1_11_3,solution_1_11_4,solution_1_11_5,solution_1_11_6,solution_1_11_7,solution_1_11_8,solution_1_11_9,solution_1_11_10,solution_2_0_1,solution_2_0_2,solution_2_0_3,solution_2_0_4,solution_2_0_5,solution_2_0_6,solution_2_0_7,solution_2_0_8,solution_2_0_9,solution_2_0_10,solution_2_0_11,solution_2_1_0,solution_2_1_2,solution_2_1_3,solution_2_1_4,solution_2_1_5,solution_2_1_6,solution_2_1_7,solution_2_1_8,solution_2_1_9,solution_2_1_10,solution_2_1_11,solution_2_2_0,solution_2_2_1,solution_2_2_3,solution_2_2_4,solution_2_2_5,solution_2_2_6,solution_2_2_7,solution_2_2_8,solution_2_2_9,solution_2_2_10,solution_2_2_11,solution_2_3_0,solution_2_3_1,solution_2_3_2,solution_2_3_4,solution_2_3_5,solution_2_3_6,solution_2_3_7,solution_2_3_8,solution_2_3_9,solution_2_3_10,solution_2_3_11,solution_2_4_0,solution_2_4_1,solution_2_4_2,solution_2_4_3,solution_2_4_5,solution_2_4_6,solution_2_4_7,solution_2_4_8,solution_2_4_9,solution_2_4_10,solution_2_4_11,solution_2_5_0,solution_2_5_1,solution_2_5_2,solution_2_5_3,solution_2_5_4,solution_2_5_6,solution_2_5_7,solution_2_5_8,solution_2_5_9,solution_2_5_10,solution_2_5_11,solution_2_6_0,solution_2_6_1,solution_2_6_2,solution_2_6_3,solution_2_6_4,solution_2_6_5,solution_2_6_7,solution_2_6_8,solution_2_6_9,solution_2_6_10,solution_2_6_11,solution_2_7_0,solution_2_7_1,solution_2_7_2,solution_2_7_3,solution_2_7_4,solution_2_7_5,solution_2_7_6,solution_2_7_8,solution_2_7_9,solution_2_7_10,solution_2_7_11,solution_2_8_0,solution_2_8_1,solution_2_8_2,solution_2_8_3,solution_2_8_4,solution_2_8_5,solution_2_8_6,solution_2_8_7,solution_2_8_9,solution_2_8_10,solution_2_8_11,solution_2_9_0,solution_2_9_1,solution_2_9_2,solution_2_9_3,solution_2_9_4,solution_2_9_5,solution_2_9_6,solution_2_9_7,solution_2_9_8,solution_2_9_10,solution_2_9_11,solution_2_10_0,solution_2_10_1,solution_2_10_2,solution_2_10_3,solution_2_10_4,solution_2_10_5,solution_2_10_6,solution_2_10_7,solution_2_10_8,solution_2_10_9,solution_2_10_11,solution_2_11_0,solution_2_11_1,solution_2_11_2,solution_2_11_3,solution_2_11_4,solution_2_11_5,solution_2_11_6,solution_2_11_7,solution_2_11_8,solution_2_11_9,solution_2_11_10,solution_3_0_1,solution_3_0_2,solution_3_0_3,solution_3_0_4,solution_3_0_5,solution_3_0_6,solution_3_0_7,solution_3_0_8,solution_3_0_9,solution_3_0_10,solution_3_0_11,solution_3_1_0,solution_3_1_2,solution_3_1_3,solution_3_1_4,solution_3_1_5,solution_3_1_6,solution_3_1_7,solution_3_1_8,solution_3_1_9,solution_3_1_10,solution_3_1_11,solution_3_2_0,solution_3_2_1,solution_3_2_3,solution_3_2_4,solution_3_2_5,solution_3_2_6,solution_3_2_7,solution_3_2_8,solution_3_2_9,solution_3_2_10,solution_3_2_11,solution_3_3_0,solution_3_3_1,solution_3_3_2,solution_3_3_4,solution_3_3_5,solution_3_3_6,solution_3_3_7,solution_3_3_8,solution_3_3_9,solution_3_3_10,solution_3_3_11,solution_3_4_0,solution_3_4_1,solution_3_4_2,solution_3_4_3,solution_3_4_5,solution_3_4_6,solution_3_4_7,solution_3_4_8,solution_3_4_9,solution_3_4_10,solution_3_4_11,solution_3_5_0,solution_3_5_1,solution_3_5_2,solution_3_5_3,solution_3_5_4,solution_3_5_6,solution_3_5_7,solution_3_5_8,solution_3_5_9,solution_3_5_10,solution_3_5_11,solution_3_6_0,solution_3_6_1,solution_3_6_2,solution_3_6_3,solution_3_6_4,solution_3_6_5,solution_3_6_7,solution_3_6_8,solution_3_6_9,solution_3_6_10,solution_3_6_11,solution_3_7_0,solution_3_7_1,solution_3_7_2,solution_3_7_3,solution_3_7_4,solution_3_7_5,solution_3_7_6,solution_3_7_8,solution_3_7_9,solution_3_7_10,solution_3_7_11,solution_3_8_0,solution_3_8_1,solution_3_8_2,solution_3_8_3,solution_3_8_4,solution_3_8_5,solution_3_8_6,solution_3_8_7,solution_3_8_9,solution_3_8_10,solution_3_8_11,solution_3_9_0,solution_3_9_1,solution_3_9_2,solution_3_9_3,solution_3_9_4,solution_3_9_5,solution_3_9_6,solution_3_9_7,solution_3_9_8,solution_3_9_10,solution_3_9_11,solution_3_10_0,solution_3_10_1,solution_3_10_2,solution_3_10_3,solution_3_10_4,solution_3_10_5,solution_3_10_6,solution_3_10_7,solution_3_10_8,solution_3_10_9,solution_3_10_11,solution_3_11_0,solution_3_11_1,solution_3_11_2,solution_3_11_3,solution_3_11_4,solution_3_11_5,solution_3_11_6,solution_3_11_7,solution_3_11_8,solution_3_11_9,solution_3_11_10,solution_4_0_1,solution_4_0_2,solution_4_0_3,solution_4_0_4,solution_4_0_5,solution_4_0_6,solution_4_0_7,solution_4_0_8,solution_4_0_9,solution_4_0_10,solution_4_0_11,solution_4_1_0,solution_4_1_2,solution_4_1_3,solution_4_1_4,solution_4_1_5,solution_4_1_6,solution_4_1_7,solution_4_1_8,solution_4_1_9,solution_4_1_10,solution_4_1_11,solution_4_2_0,solution_4_2_1,solution_4_2_3,solution_4_2_4,solution_4_2_5,solution_4_2_6,solution_4_2_7,solution_4_2_8,solution_4_2_9,solution_4_2_10,solution_4_2_11,solution_4_3_0,solution_4_3_1,solution_4_3_2,solution_4_3_4,solution_4_3_5,solution_4_3_6,solution_4_3_7,solution_4_3_8,solution_4_3_9,solution_4_3_10,solution_4_3_11,solution_4_4_0,solution_4_4_1,solution_4_4_2,solution_4_4_3,solution_4_4_5,solution_4_4_6,solution_4_4_7,solution_4_4_8,solution_4_4_9,solution_4_4_10,solution_4_4_11,solution_4_5_0,solution_4_5_1,solution_4_5_2,solution_4_5_3,solution_4_5_4,solution_4_5_6,solution_4_5_7,solution_4_5_8,solution_4_5_9,solution_4_5_10,solution_4_5_11,solution_4_6_0,solution_4_6_1,solution_4_6_2,solution_4_6_3,solution_4_6_4,solution_4_6_5,solution_4_6_7,solution_4_6_8,solution_4_6_9,solution_4_6_10,solution_4_6_11,solution_4_7_0,solution_4_7_1,solution_4_7_2,solution_4_7_3,solution_4_7_4,solution_4_7_5,solution_4_7_6,solution_4_7_8,solution_4_7_9,solution_4_7_10,solution_4_7_11,solution_4_8_0,solution_4_8_1,solution_4_8_2,solution_4_8_3,solution_4_8_4,solution_4_8_5,solution_4_8_6,solution_4_8_7,solution_4_8_9,solution_4_8_10,solution_4_8_11,solution_4_9_0,solution_4_9_1,solution_4_9_2,solution_4_9_3,solution_4_9_4,solution_4_9_5,solution_4_9_6,solution_4_9_7,solution_4_9_8,solution_4_9_10,solution_4_9_11,solution_4_10_0,solution_4_10_1,solution_4_10_2,solution_4_10_3,solution_4_10_4,solution_4_10_5,solution_4_10_6,solution_4_10_7,solution_4_10_8,solution_4_10_9,solution_4_10_11,solution_4_11_0,solution_4_11_1,solution_4_11_2,solution_4_11_3,solution_4_11_4,solution_4_11_5,solution_4_11_6,solution_4_11_7,solution_4_11_8,solution_4_11_9,solution_4_11_10
12,5,high,309.1774936896818,0.3522603511810303,0,32,35,3,27,31,7,22,48,50,28,27,1,0,0,0,0,0,0,0,0,0,0,1,0,0,0,0,0,0,0,0,0,0,0,0,0,0,0,0,0,0,0,0,0,0,0,0,0,0,0,0,0,0,0,0,0,0,0,0,0,0,0,0,0,0,0,0,0,0,0,0,0,0,0,0,0,0,0,0,0,0,0,0,0,0,0,0,0,0,0,0,0,0,0,0,0,0,0,0,0,0,0,0,0,0,0,0,0,0,0,0,0,0,0,0,0,0,0,0,0,0,0,0,0,0,0,0,0,0,0,0,0,0,0,0,0,0,0,0,0,0,0,0,0,1,0,0,0,0,0,0,0,0,0,0,0,0,0,0,0,0,0,0,0,0,1,0,0,0,0,0,0,0,0,0,0,0,0,0,0,0,0,0,0,0,0,0,0,0,0,0,0,0,0,0,0,0,0,0,0,0,0,0,0,0,0,0,0,0,0,0,0,0,0,0,0,0,0,0,0,0,0,0,0,0,0,0,0,0,0,0,0,0,0,0,0,0,0,0,0,0,0,0,0,0,0,0,0,0,0,0,0,0,0,0,0,0,0,0,0,0,0,0,0,0,0,0,0,0,0,0,0,0,0,0,0,0,0,0,0,1,0,0,0,0,0,0,0,0,0,0,0,0,0,0,0,0,0,0,0,0,0,0,0,0,0,0,0,0,0,0,0,0,0,0,0,0,0,0,0,0,0,0,0,0,0,0,0,0,0,1,0,0,0,0,0,0,0,0,0,0,0,0,0,0,0,0,1,0,0,0,0,0,0,0,0,0,0,0,1,0,0,0,0,0,0,0,0,1,0,0,0,0,0,0,0,0,0,0,0,0,0,0,0,0,0,0,0,0,0,0,0,0,0,0,0,0,0,0,0,0,0,0,0,0,0,0,0,0,0,0,0,0,0,0,1,0,0,0,0,0,0,0,0,0,0,0,0,0,0,0,0,0,0,0,0,0,0,0,0,1,0,0,0,0,0,0,0,0,0,0,0,0,0,1,0,0,0,0,0,0,0,0,0,0,0,0,0,0,0,0,0,0,0,0,0,0,0,0,0,0,0,0,0,0,0,0,0,0,0,0,0,0,0,0,0,0,0,0,0,0,0,0,0,0,0,0,0,0,0,0,0,0,0,0,0,1,0,0,0,0,0,0,0,0,0,0,0,0,0,0,0,1,0,0,0,0,0,0,0,0,0,0,0,0,0,0,0,1,0,0,0,0,0,0,0,0,0,0,0,0,0,0,0,0,0,0,0,0,0,0,0,0,0,0,0,0,0,0,0,0,0,0,0,0,0,0,0,0,0,0,0,0,0,0,0,0,0,0,0,0,0,0,0,0,0,0,0,0,0,0,0,0,0,0,0,0,0,0,0,0,0,0,0,0,0,0,0,0,0,0,0,0,0,0,0,0,0,0,0,0,0,0,0,0,0,0,0,0,1,0,0,0,0,0,0,0,0,0,0,0,0,0,0,0,0,0,0,0,0,0
12,5,high,309.17749368968185,0.4608588218688965,0,29,28,28,35,3,7,23,2,7,23,25,1,0,0,0,0,0,0,0,0,0,0,1,0,0,0,0,0,0,0,0,0,0,0,0,0,0,0,0,0,0,0,0,0,0,0,0,0,0,0,0,0,0,0,0,0,0,0,0,0,0,0,0,0,0,0,0,0,0,0,0,0,0,0,0,0,0,0,0,0,0,0,0,0,0,0,0,0,0,0,0,0,0,0,0,0,0,0,0,0,0,0,0,0,0,0,0,0,0,0,0,0,0,0,0,0,0,0,0,0,0,0,0,0,0,0,0,0,0,0,0,0,0,0,0,0,0,0,0,0,0,0,0,0,1,0,0,0,0,0,0,0,0,0,0,0,0,0,0,0,0,0,0,0,0,1,0,0,0,0,0,0,0,0,0,0,0,0,0,0,0,0,0,0,0,0,0,0,0,0,0,0,0,0,0,0,0,0,0,0,0,0,0,0,0,0,0,0,0,0,0,0,0,0,0,0,0,0,0,0,0,0,0,0,0,0,0,0,0,0,0,0,0,0,0,0,0,0,0,0,0,0,0,0,0,0,0,0,0,0,0,0,0,0,0,0,0,0,0,0,0,0,0,0,0,0,0,0,0,0,0,0,0,0,0,0,0,1,0,0,0,0,0,0,0,0,0,0,0,0,0,0,0,0,0,0,0,0,0,0,0,0,0,0,0,0,0,0,0,0,0,1,0,0,0,0,0,0,0,0,0,0,0,0,0,0,0,0,0,1,0,0,0,0,0,0,0,0,0,0,0,0,0,0,0,0,0,0,0,0,0,0,0,0,0,0,0,0,0,0,0,0,0,0,0,0,0,0,0,0,0,0,0,0,1,0,0,0,0,0,0,0,0,0,0,0,0,0,0,0,0,0,0,0,0,0,0,0,0,0,0,0,0,0,0,1,0,0,0,0,0,0,1,0,0,0,0,0,0,0,0,0,0,0,0,0,0,0,0,0,0,0,0,0,0,0,0,0,0,0,0,0,0,0,0,0,0,0,0,0,0,0,0,0,0,0,0,0,0,0,0,0,1,0,0,0,0,0,0,0,0,0,0,0,0,0,0,0,0,1,0,0,0,0,0,0,0,0,0,0,0,1,0,0,0,0,0,0,0,0,1,0,0,0,0,0,0,0,0,0,0,0,0,0,0,0,0,0,0,0,0,0,0,0,0,0,0,0,0,0,0,0,0,0,0,0,0,0,0,0,0,0,0,0,0,0,0,0,1,0,0,0,0,0,0,0,0,0,0,0,0,0,0,0,0,0,0,0,0,0,0,0,0,0,0,0,0,0,0,0,0,0,0,0,0,0,0,0,0,0,0,0,0,0,0,0,0,0,0,0,0,0,0,0,0,0,0,0,0,0,0,0,0,0,0,0,0,0,0,0,0,0,0,0,0,0,0,0,0,0,0,0,0,0,0,0,0,0,0,0,0,0,0,0,0,0,0,0,0,1,0,0,0,0,0,0,0,0,0,0,0,0,0,0,0,0,0,0,0,0,0
12,5,high,309.1774936896818,0.3470609188079834,0,30,27,26,16,27,21,37,31,21,5,41,1,0,0,0,0,0,0,0,0,0,0,1,0,0,0,0,0,0,0,0,0,0,0,0,0,0,0,0,0,0,0,0,0,0,0,0,0,0,0,0,0,0,0,0,0,0,0,0,0,0,0,0,0,0,0,0,0,0,0,0,0,0,0,0,0,0,0,0,0,0,0,0,0,0,0,0,0,0,0,0,0,0,0,0,0,0,0,0,0,0,0,0,0,0,0,0,0,0,0,0,0,0,0,0,0,0,0,0,0,0,0,0,0,0,0,0,0,0,0,0,0,0,0,0,0,0,0,0,0,0,0,0,0,1,0,0,0,0,0,0,0,0,0,0,0,0,0,0,0,0,0,0,0,0,1,0,0,0,0,0,0,0,0,0,0,0,0,0,0,0,0,0,0,0,0,0,0,0,0,0,0,0,0,0,0,0,0,0,0,0,0,0,0,0,0,0,0,0,0,0,0,0,0,0,0,0,0,0,0,0,0,0,0,0,0,0,0,0,0,0,0,0,0,0,0,0,0,0,0,0,0,0,0,0,0,0,0,0,0,0,0,0,0,0,0,0,0,0,0,0,0,0,0,0,0,0,0,0,0,0,0,0,0,0,0,0,1,0,0,0,0,0,0,0,0,0,0,0,0,0,0,0,0,0,0,0,0,0,0,0,0,0,0,0,0,0,0,0,0,0,1,0,0,0,0,0,0,0,0,0,0,0,0,0,0,0,0,0,1,0,0,0,0,0,0,0,0,0,0,0,0,0,0,0,0,0,0,0,0,0,0,0,0,0,0,0,0,0,0,0,0,0,0,0,0,0,0,0,0,0,0,0,0,1,0,0,0,0,0,0,0,0,0,0,0,0,0,0,0,0,0,0,0,0,0,0,0,0,0,0,0,0,0,0,1,0,0,0,0,0,0,1,0,0,0,0,0,0,0,0,0,0,0,0,0,0,0,0,0,0,0,0,0,0,0,0,0,0,0,0,0,0,0,0,0,0,0,0,0,0,0,0,0,0,0,0,0,0,0,0,0,1,0,0,0,0,0,0,0,0,0,0,0,0,0,0,0,0,1,0,0,0,0,0,0,0,0,0,0,0,1,0,0,0,0,0,0,0,0,1,0,0,0,0,0,0,0,0,0,0,0,0,0,0,0,0,0,0,0,0,0,0,0,0,0,0,0,0,0,0,0,0,0,0,0,0,0,0,0,0,0,0,0,0,0,0,0,1,0,0,0,0,0,0,0,0,0,0,0,0,0,0,0,0,0,0,0,0,0,0,0,0,0,0,0,0,0,0,0,0,0,0,0,0,0,0,0,0,0,0,0,0,0,0,0,0,0,0,0,0,0,0,0,0,0,0,0,0,0,0,0,0,0,0,0,0,0,0,0,0,0,0,0,0,0,0,0,0,0,0,0,0,0,0,0,0,0,0,0,0,0,0,0,0,0,0,0,0,1,0,0,0,0,0,0,0,0,0,0,0,0,0,0,0,0,0,0,0,0,0
12,5,high,309.17749368968185,0.40355587005615234,0,20,24,9,26,24,33,25,26,44,23,44,1,0,0,0,0,0,0,0,0,0,0,1,0,0,0,0,0,0,0,0,0,0,0,0,0,0,0,0,0,0,0,0,0,0,0,0,0,0,0,0,0,0,0,0,0,0,0,0,0,0,0,0,0,0,0,0,0,0,0,0,0,0,0,0,0,0,0,0,0,0,0,0,0,0,0,0,0,0,0,0,0,0,0,0,0,0,0,0,0,0,0,0,0,0,0,0,0,0,0,0,0,0,0,0,0,0,0,0,0,0,0,0,0,0,0,0,0,0,0,0,0,0,0,0,0,0,0,0,0,0,0,0,0,1,0,0,0,0,0,0,0,0,0,0,0,0,0,0,0,0,0,0,0,0,1,0,0,0,0,0,0,0,0,0,0,0,0,0,0,0,0,0,0,0,0,0,0,0,0,0,0,0,0,0,0,0,0,0,0,0,0,0,0,0,0,0,0,0,0,0,0,0,0,0,0,0,0,0,0,0,0,0,0,0,0,0,0,0,0,0,0,0,0,0,0,0,0,0,0,0,0,0,0,0,0,0,0,0,0,0,0,0,0,0,0,0,0,0,0,0,0,0,0,0,0,0,0,0,0,0,0,0,0,0,0,0,0,0,1,0,0,0,0,0,0,0,0,0,0,0,0,0,0,0,0,0,0,0,0,0,0,0,0,0,0,0,0,0,0,0,0,0,0,0,0,0,0,0,0,0,0,0,0,0,0,0,0,0,0,0,0,0,0,0,0,0,1,0,0,0,1,0,0,0,0,0,0,0,0,0,0,0,0,0,0,0,0,1,0,0,0,0,0,0,0,0,0,0,0,1,0,0,0,0,0,0,0,0,0,0,0,0,0,0,0,0,0,0,0,0,0,0,0,0,0,0,0,0,0,0,0,0,0,0,0,0,0,0,0,0,0,0,0,0,1,0,0,0,0,0,0,0,0,0,0,0,0,0,0,0,0,0,0,0,0,0,0,0,0,1,0,0,0,0,0,0,0,0,0,0,0,0,0,1,0,0,0,0,0,0,0,0,0,0,0,0,0,0,0,0,0,0,0,0,0,0,0,0,0,0,0,0,0,0,0,0,0,0,0,0,0,0,0,0,0,0,0,0,0,0,0,0,0,0,0,0,0,0,0,0,0,0,0,0,0,1,0,0,0,0,0,0,0,0,0,0,0,0,0,0,0,1,0,0,0,0,0,0,0,0,0,0,0,0,0,0,0,1,0,0,0,0,0,0,0,0,0,0,0,0,0,0,0,0,0,0,0,0,0,0,0,0,0,0,0,0,0,0,0,0,0,0,0,0,0,0,0,0,0,0,0,0,0,0,0,0,0,0,0,0,0,0,0,0,0,0,0,0,0,0,0,0,0,0,0,0,0,0,0,0,0,0,0,0,0,0,0,0,0,0,0,0,0,0,0,0,0,0,0,0,0,0,0,0,0,0,0,0,1,0,0,0,0,0,0,0,0,0,0,0,0,0,0,0,0,0,0,0,0,0
12,5,high,309.17749368968185,0.3041861057281494,0,30,47,25,33,21,12,43,47,28,38,41,1,0,0,0,0,0,0,0,0,0,0,1,0,0,0,0,0,0,0,0,0,0,0,0,0,0,0,0,0,0,0,0,0,0,0,0,0,0,0,0,0,0,0,0,0,0,0,0,0,0,0,0,0,0,0,0,0,0,0,0,0,0,0,0,0,0,0,0,0,0,0,0,0,0,0,0,0,0,0,0,0,0,0,0,0,0,0,0,0,0,0,0,0,0,0,0,0,0,0,0,0,0,0,0,0,0,0,0,0,0,0,0,0,0,0,0,0,0,0,0,0,0,0,0,0,0,0,0,0,0,0,0,0,1,0,0,0,0,0,0,0,0,0,0,0,0,0,0,0,0,0,0,0,0,1,0,0,0,0,0,0,0,0,0,0,0,0,0,0,0,0,0,0,0,0,0,0,0,0,0,0,0,0,0,0,0,0,0,0,0,0,0,0,0,0,0,0,0,0,0,0,0,0,0,0,0,0,0,0,0,0,0,0,0,0,0,0,0,0,0,0,0,0,0,0,0,0,0,0,0,0,0,0,0,0,0,0,0,0,0,0,0,0,0,0,0,0,0,0,0,0,0,0,0,0,0,0,0,0,0,0,0,0,0,0,0,0,0,1,0,0,0,0,0,0,0,0,0,0,0,0,0,0,0,0,0,0,0,0,0,0,0,0,0,0,0,0,0,0,0,0,0,0,0,0,0,0,0,0,0,0,0,0,0,0,0,0,0,0,0,0,0,0,0,0,0,1,0,0,0,1,0,0,0,0,0,0,0,0,0,0,0,0,0,0,0,0,1,0,0,0,0,0,0,0,0,0,0,0,1,0,0,0,0,0,0,0,0,0,0,0,0,0,0,0,0,0,0,0,0,0,0,0,0,0,0,0,0,0,0,0,0,0,0,0,0,0,0,0,0,0,0,0,0,1,0,0,0,0,0,0,0,0,0,0,0,0,0,0,0,0,0,0,0,0,0,0,0,0,1,0,0,0,0,0,0,0,0,0,0,0,0,0,1,0,0,0,0,0,0,0,0,0,0,0,0,0,0,0,0,0,0,0,0,0,0,0,0,0,0,0,0,0,0,0,0,0,0,0,0,0,0,0,0,0,0,0,0,0,0,0,0,0,0,0,0,0,0,0,0,0,0,0,0,0,1,0,0,0,0,0,0,0,0,0,0,0,0,0,0,0,1,0,0,0,0,0,0,0,0,0,0,0,0,0,0,0,1,0,0,0,0,0,0,0,0,0,0,0,0,0,0,0,0,0,0,0,0,0,0,0,0,0,0,0,0,0,0,0,0,0,0,0,0,0,0,0,0,0,0,0,0,0,0,0,0,0,0,0,0,0,0,0,0,0,0,0,0,0,0,0,0,0,0,0,0,0,0,0,0,0,0,0,0,0,0,0,0,0,0,0,0,0,0,0,0,0,0,0,0,0,0,0,0,0,0,0,0,1,0,0,0,0,0,0,0,0,0,0,0,0,0,0,0,0,0,0,0,0,0
12,5,high,309.17749368968185,0.37865138053894043,0,7,21,45,36,24,12,49,1,43,26,26,1,0,0,0,0,0,0,0,0,0,0,1,0,0,0,0,0,0,0,0,0,0,0,0,0,0,0,0,0,0,0,0,0,0,0,0,0,0,0,0,0,0,0,0,0,0,0,0,0,0,0,0,0,0,0,0,0,0,0,0,0,0,0,0,0,0,0,0,0,0,0,0,0,0,0,0,0,0,0,0,0,0,0,0,0,0,0,0,0,0,0,0,0,0,0,0,0,0,0,0,0,0,0,0,0,0,0,0,0,0,0,0,0,0,0,0,0,0,0,0,0,0,0,0,0,0,0,0,0,0,0,0,0,1,0,0,0,0,0,0,0,0,0,0,0,0,0,0,0,0,0,0,0,0,1,0,0,0,0,0,0,0,0,0,0,0,0,0,0,0,0,0,0,0,0,0,0,0,0,0,0,0,0,0,0,0,0,0,0,0,0,0,0,0,0,0,0,0,0,0,0,0,0,0,0,0,0,0,0,0,0,0,0,0,0,0,0,0,0,0,0,0,0,0,0,0,0,0,0,0,0,0,0,0,0,0,0,0,0,0,0,0,0,0,0,0,0,0,0,0,0,0,0,0,0,0,0,0,0,0,0,0,0,0,0,0,0,0,1,0,0,0,0,0,0,0,0,0,0,0,0,0,0,0,0,0,0,0,0,0,0,0,0,0,0,0,0,0,0,0,0,0,0,0,0,0,0,0,0,0,0,0,0,0,0,0,0,0,0,0,0,0,0,0,0,0,1,0,0,0,1,0,0,0,0,0,0,0,0,0,0,0,0,0,0,0,0,1,0,0,0,0,0,0,0,0,0,0,0,1,0,0,0,0,0,0,0,0,0,0,0,0,0,0,0,0,0,0,0,0,0,0,0,0,0,0,0,0,0,0,0,0,0,0,0,0,0,0,0,0,0,0,0,0,1,0,0,0,0,0,0,0,0,0,0,0,0,0,0,0,0,0,0,0,0,0,0,0,0,1,0,0,0,0,0,0,0,0,0,0,0,0,0,1,0,0,0,0,0,0,0,0,0,0,0,0,0,0,0,0,0,0,0,0,0,0,0,0,0,0,0,0,0,0,0,0,0,0,0,0,0,0,0,0,0,0,0,0,0,0,0,0,0,0,0,0,0,0,0,0,0,0,0,0,0,1,0,0,0,0,0,0,0,0,0,0,0,0,0,0,0,1,0,0,0,0,0,0,0,0,0,0,0,0,0,0,0,1,0,0,0,0,0,0,0,0,0,0,0,0,0,0,0,0,0,0,0,0,0,0,0,0,0,0,0,0,0,0,0,0,0,0,0,0,0,0,0,0,0,0,0,0,0,0,0,0,0,0,0,0,0,0,0,0,0,0,0,0,0,0,0,0,0,0,0,0,0,0,0,0,0,0,0,0,0,0,0,0,0,0,0,0,0,0,0,0,0,0,0,0,0,0,0,0,0,0,0,0,1,0,0,0,0,0,0,0,0,0,0,0,0,0,0,0,0,0,0,0,0,0
12,5,high,309.17749368968185,0.4243741035461426,0,39,16,1,29,4,49,10,42,9,1,42,1,0,0,0,0,0,0,0,0,0,0,1,0,0,0,0,0,0,0,0,0,0,0,0,0,0,0,0,0,0,0,0,0,0,0,0,0,0,0,0,0,0,0,0,0,0,0,0,0,0,0,0,0,0,0,0,0,0,0,0,0,0,0,0,0,0,0,0,0,0,0,0,0,0,0,0,0,0,0,0,0,0,0,0,0,0,0,0,0,0,0,0,0,0,0,0,0,0,0,0,0,0,0,0,0,0,0,0,0,0,0,0,0,0,0,0,0,0,0,0,0,0,0,0,0,0,0,0,0,0,0,0,0,1,0,0,0,0,0,0,0,0,0,0,0,0,0,0,0,0,0,0,0,0,1,0,0,0,0,0,0,0,0,0,0,0,0,0,0,0,0,0,0,0,0,0,0,0,0,0,0,0,0,0,0,0,0,0,0,0,0,0,0,0,0,0,0,0,0,0,0,0,0,0,0,0,0,0,0,0,0,0,0,0,0,0,0,0,0,0,0,0,0,0,0,0,0,0,0,0,0,0,0,0,0,0,0,0,0,0,0,0,0,0,0,0,0,0,0,0,0,0,0,0,0,0,0,0,0,0,0,0,0,0,0,0,0,0,1,0,0,0,0,0,0,0,0,0,0,0,0,0,0,0,0,0,0,0,0,0,0,0,0,0,0,0,0,0,0,0,0,0,0,0,0,0,0,0,0,0,0,0,0,0,0,0,0,0,0,0,0,0,0,0,0,0,1,0,0,0,1,0,0,0,0,0,0,0,0,0,0,0,0,0,0,0,0,1,0,0,0,0,0,0,0,0,0,0,0,1,0,0,0,0,0,0,0,0,0,0,0,0,0,0,0,0,0,0,0,0,0,0,0,0,0,0,0,0,0,0,0,0,0,0,0,0,0,0,0,0,0,0,0,0,1,0,0,0,0,0,0,0,0,0,0,0,0,0,0,0,0,0,0,0,0,0,0,0,0,1,0,0,0,0,0,0,0,0,0,0,0,0,0,1,0,0,0,0,0,0,0,0,0,0,0,0,0,0,0,0,0,0,0,0,0,0,0,0,0,0,0,0,0,0,0,0,0,0,0,0,0,0,0,0,0,0,0,0,0,0,0,0,0,0,0,0,0,0,0,0,0,0,0,0,0,1,0,0,0,0,0,0,0,0,0,0,0,0,0,0,0,1,0,0,0,0,0,0,0,0,0,0,0,0,0,0,0,1,0,0,0,0,0,0,0,0,0,0,0,0,0,0,0,0,0,0,0,0,0,0,0,0,0,0,0,0,0,0,0,0,0,0,0,0,0,0,0,0,0,0,0,0,0,0,0,0,0,0,0,0,0,0,0,0,0,0,0,0,0,0,0,0,0,0,0,0,0,0,0,0,0,0,0,0,0,0,0,0,0,0,0,0,0,0,0,0,0,0,0,0,0,0,0,0,0,0,0,0,1,0,0,0,0,0,0,0,0,0,0,0,0,0,0,0,0,0,0,0,0,0
12,5,high,309.1774936896818,0.3292381763458252,0,14,12,2,12,37,40,12,6,31,25,48,1,0,0,0,0,0,0,0,0,0,0,1,0,0,0,0,0,0,0,0,0,0,0,0,0,0,0,0,0,0,0,0,0,0,0,0,0,0,0,0,0,0,0,0,0,0,0,0,0,0,0,0,0,0,0,0,0,0,0,0,0,0,0,0,0,0,0,0,0,0,0,0,0,0,0,0,0,0,0,0,0,0,0,0,0,0,0,0,0,0,0,0,0,0,0,0,0,0,0,0,0,0,0,0,0,0,0,0,0,0,0,0,0,0,0,0,0,0,0,0,0,0,0,0,0,0,0,0,0,0,0,0,0,1,0,0,0,0,0,0,0,0,0,0,0,0,0,0,0,0,0,0,0,0,1,0,0,0,0,0,0,0,0,0,0,0,0,0,0,0,0,0,0,0,0,0,0,0,0,0,0,0,0,0,0,0,0,0,0,0,0,0,0,0,0,0,0,0,0,0,0,0,0,0,0,0,0,0,0,0,0,0,0,0,0,0,0,0,0,0,0,0,0,0,0,0,0,0,0,0,0,0,0,0,0,0,0,0,0,0,0,0,0,0,0,0,0,0,0,0,0,0,0,0,0,0,0,0,0,0,0,0,0,0,0,0,1,0,0,0,0,0,0,0,0,0,0,0,0,0,0,0,0,0,0,0,0,0,0,0,0,0,0,0,0,0,0,0,0,0,1,0,0,0,0,0,0,0,0,0,0,0,0,0,0,0,0,0,1,0,0,0,0,0,0,0,0,0,0,0,0,0,0,0,0,0,0,0,0,0,0,0,0,0,0,0,0,0,0,0,0,0,0,0,0,0,0,0,0,0,0,0,0,1,0,0,0,0,0,0,0,0,0,0,0,0,0,0,0,0,0,0,0,0,0,0,0,0,0,0,0,0,0,0,1,0,0,0,0,0,0,1,0,0,0,0,0,0,0,0,0,0,0,0,0,0,0,0,0,0,0,0,0,0,0,0,0,0,0,0,0,0,0,0,0,0,0,0,0,0,0,0,0,0,0,0,0,0,0,0,0,1,0,0,0,0,0,0,0,0,0,0,0,0,0,0,0,0,1,0,0,0,0,0,0,0,0,0,0,0,1,0,0,0,0,0,0,0,0,1,0,0,0,0,0,0,0,0,0,0,0,0,0,0,0,0,0,0,0,0,0,0,0,0,0,0,0,0,0,0,0,0,0,0,0,0,0,0,0,0,0,0,0,0,0,0,0,1,0,0,0,0,0,0,0,0,0,0,0,0,0,0,0,0,0,0,0,0,0,0,0,0,0,0,0,0,0,0,0,0,0,0,0,0,0,0,0,0,0,0,0,0,0,0,0,0,0,0,0,0,0,0,0,0,0,0,0,0,0,0,0,0,0,0,0,0,0,0,0,0,0,0,0,0,0,0,0,0,0,0,0,0,0,0,0,0,0,0,0,0,0,0,0,0,0,0,0,0,1,0,0,0,0,0,0,0,0,0,0,0,0,0,0,0,0,0,0,0,0,0
12,5,high,309.1774936896818,0.36603808403015137,0,48,25,42,22,20,38,50,7,16,2,13,1,0,0,0,0,0,0,0,0,0,0,1,0,0,0,0,0,0,0,0,0,0,0,0,0,0,0,0,0,0,0,0,0,0,0,0,0,0,0,0,0,0,0,0,0,0,0,0,0,0,0,0,0,0,0,0,0,0,0,0,0,0,0,0,0,0,0,0,0,0,0,0,0,0,0,0,0,0,0,0,0,0,0,0,0,0,0,0,0,0,0,0,0,0,0,0,0,0,0,0,0,0,0,0,0,0,0,0,0,0,0,0,0,0,0,0,0,0,0,0,0,0,0,0,0,0,0,0,0,0,0,0,0,1,0,0,0,0,0,0,0,0,0,0,0,0,0,0,0,0,0,0,0,0,1,0,0,0,0,0,0,0,0,0,0,0,0,0,0,0,0,0,0,0,0,0,0,0,0,0,0,0,0,0,0,0,0,0,0,0,0,0,0,0,0,0,0,0,0,0,0,0,0,0,0,0,0,0,0,0,0,0,0,0,0,0,0,0,0,0,0,0,0,0,0,0,0,0,0,0,0,0,0,0,0,0,0,0,0,0,0,0,0,0,0,0,0,0,0,0,0,0,0,0,0,0,0,0,0,0,0,0,0,0,0,0,0,0,0,1,0,0,0,0,0,0,0,0,0,0,0,0,0,0,0,0,0,0,0,0,0,0,0,0,0,0,0,0,0,0,0,0,0,0,0,0,0,0,0,0,0,0,0,0,0,0,0,0,0,1,0,0,0,0,0,0,0,0,0,0,0,0,0,0,0,0,1,0,0,0,0,0,0,0,0,0,0,0,1,0,0,0,0,0,0,0,0,1,0,0,0,0,0,0,0,0,0,0,0,0,0,0,0,0,0,0,0,0,0,0,0,0,0,0,0,0,0,0,0,0,0,0,0,0,0,0,0,0,0,0,0,0,0,0,1,0,0,0,0,0,0,0,0,0,0,0,0,0,0,0,0,0,0,0,0,0,0,0,0,1,0,0,0,0,0,0,0,0,0,0,0,0,0,1,0,0,0,0,0,0,0,0,0,0,0,0,0,0,0,0,0,0,0,0,0,0,0,0,0,0,0,0,0,0,0,0,0,0,0,0,0,0,0,0,0,0,0,0,0,0,0,0,0,0,0,0,0,0,0,0,0,0,0,0,0,1,0,0,0,0,0,0,0,0,0,0,0,0,0,0,0,1,0,0,0,0,0,0,0,0,0,0,0,0,0,0,0,1,0,0,0,0,0,0,0,0,0,0,0,0,0,0,0,0,0,0,0,0,0,0,0,0,0,0,0,0,0,0,0,0,0,0,0,0,0,0,0,0,0,0,0,0,0,0,0,0,0,0,0,0,0,0,0,0,0,0,0,0,0,0,0,0,0,0,0,0,0,0,0,0,0,0,0,0,0,0,0,0,0,0,0,0,0,0,0,0,0,0,0,0,0,0,0,0,0,0,0,0,1,0,0,0,0,0,0,0,0,0,0,0,0,0,0,0,0,0,0,0,0,0
12,5,high,309.1774936896818,0.2760031223297119,0,1,3,1,2,7,9,15,1,3,47,17,1,0,0,0,0,0,0,0,0,0,0,1,0,0,0,0,0,0,0,0,0,0,0,0,0,0,0,0,0,0,0,0,0,0,0,0,0,0,0,0,0,0,0,0,0,0,0,0,0,0,0,0,0,0,0,0,0,0,0,0,0,0,0,0,0,0,0,0,0,0,0,0,0,0,0,0,0,0,0,0,0,0,0,0,0,0,0,0,0,0,0,0,0,0,0,0,0,0,0,0,0,0,0,0,0,0,0,0,0,0,0,0,0,0,0,0,0,0,0,0,0,0,0,0,0,0,0,0,0,0,0,0,0,1,0,0,0,0,0,0,0,0,0,0,0,0,0,0,0,0,0,0,0,0,1,0,0,0,0,0,0,0,0,0,0,0,0,0,0,0,0,0,0,0,0,0,0,0,0,0,0,0,0,0,0,0,0,0,0,0,0,0,0,0,0,0,0,0,0,0,0,0,0,0,0,0,0,0,0,0,0,0,0,0,0,0,0,0,0,0,0,0,0,0,0,0,0,0,0,0,0,0,0,0,0,0,0,0,0,0,0,0,0,0,0,0,0,0,0,0,0,0,0,0,0,0,0,0,0,0,0,0,0,0,0,0,0,0,0,1,0,0,0,0,0,0,0,0,0,0,0,0,0,0,0,0,0,0,0,0,0,0,0,0,0,0,0,0,0,0,0,0,0,0,0,0,0,0,0,0,0,0,0,0,0,0,0,0,0,1,0,0,0,0,0,0,0,0,0,0,0,0,0,0,0,0,1,0,0,0,0,0,0,0,0,0,0,0,1,0,0,0,0,0,0,0,0,1,0,0,0,0,0,0,0,0,0,0,0,0,0,0,0,0,0,0,0,0,0,0,0,0,0,0,0,0,0,0,0,0,0,0,0,0,0,0,0,0,0,0,0,0,0,0,1,0,0,0,0,0,0,0,0,0,0,0,0,0,0,0,0,0,0,0,0,0,0,0,0,1,0,0,0,0,0,0,0,0,0,0,0,0,0,1,0,0,0,0,0,0,0,0,0,0,0,0,0,0,0,0,0,0,0,0,0,0,0,0,0,0,0,0,0,0,0,0,0,0,0,0,0,0,0,0,0,0,0,0,0,0,0,0,0,0,0,0,0,0,0,0,0,0,0,0,0,1,0,0,0,0,0,0,0,0,0,0,0,0,0,0,0,1,0,0,0,0,0,0,0,0,0,0,0,0,0,0,0,1,0,0,0,0,0,0,0,0,0,0,0,0,0,0,0,0,0,0,0,0,0,0,0,0,0,0,0,0,0,0,0,0,0,0,0,0,0,0,0,0,0,0,0,0,0,0,0,0,0,0,0,0,0,0,0,0,0,0,0,0,0,0,0,0,0,0,0,0,0,0,0,0,0,0,0,0,0,0,0,0,0,0,0,0,0,0,0,0,0,0,0,0,0,0,0,0,0,0,0,0,1,0,0,0,0,0,0,0,0,0,0,0,0,0,0,0,0,0,0,0,0,0
